city,5,277,cityfilter.png,169,297
city,5,272,cityfilter.png,169,297
city,4,269,cityfilter.png,169,297
city,4,264,cityfilter.png,169,297
city,4,259,cityfilter.png,169,297
city,4,254,cityfilter.png,169,297
city,4,250,cityfilter.png,169,297
city,4,246,cityfilter.png,169,297
city,4,242,cityfilter.png,169,297
city,5,237,cityfilter.png,169,297
city,13,233,cityfilter.png,169,297
city,16,237,cityfilter.png,169,297
city,19,241,cityfilter.png,169,297
city,20,246,cityfilter.png,169,297
city,20,250,cityfilter.png,169,297
city,20,254,cityfilter.png,169,297
city,5,233,cityfilter.png,169,297
city,8,232,cityfilter.png,169,297
city,24,258,cityfilter.png,169,297
city,29,259,cityfilter.png,169,297
city,33,258,cityfilter.png,169,297
city,36,259,cityfilter.png,169,297
city,39,264,cityfilter.png,169,297
city,41,269,cityfilter.png,169,297
city,41,265,cityfilter.png,169,297
city,45,264,cityfilter.png,169,297
city,45,259,cityfilter.png,169,297
city,45,255,cityfilter.png,169,297
city,45,252,cityfilter.png,169,297
city,45,247,cityfilter.png,169,297
city,46,243,cityfilter.png,169,297
city,49,240,cityfilter.png,169,297
city,51,237,cityfilter.png,169,297
city,54,237,cityfilter.png,169,297
city,58,239,cityfilter.png,169,297
city,59,243,cityfilter.png,169,297
city,59,248,cityfilter.png,169,297
city,60,252,cityfilter.png,169,297
city,60,257,cityfilter.png,169,297
city,61,262,cityfilter.png,169,297
city,61,265,cityfilter.png,169,297
city,64,268,cityfilter.png,169,297
city,67,268,cityfilter.png,169,297
city,67,263,cityfilter.png,169,297
city,68,260,cityfilter.png,169,297
city,70,257,cityfilter.png,169,297
city,70,251,cityfilter.png,169,297
city,70,247,cityfilter.png,169,297
city,70,243,cityfilter.png,169,297
city,70,237,cityfilter.png,169,297
city,70,231,cityfilter.png,169,297
city,71,226,cityfilter.png,169,297
city,71,220,cityfilter.png,169,297
city,71,218,cityfilter.png,169,297
city,74,218,cityfilter.png,169,297
city,78,218,cityfilter.png,169,297
city,81,218,cityfilter.png,169,297
city,83,223,cityfilter.png,169,297
city,83,227,cityfilter.png,169,297
city,84,232,cityfilter.png,169,297
city,84,238,cityfilter.png,169,297
city,84,244,cityfilter.png,169,297
city,84,250,cityfilter.png,169,297
city,84,258,cityfilter.png,169,297
city,83,266,cityfilter.png,169,297
city,84,271,cityfilter.png,169,297
city,83,276,cityfilter.png,169,297
city,79,276,cityfilter.png,169,297
city,76,276,cityfilter.png,169,297
city,71,276,cityfilter.png,169,297
city,67,275,cityfilter.png,169,297
city,64,276,cityfilter.png,169,297
city,61,277,cityfilter.png,169,297
city,58,278,cityfilter.png,169,297
city,54,279,cityfilter.png,169,297
city,49,279,cityfilter.png,169,297
city,46,279,cityfilter.png,169,297
city,42,278,cityfilter.png,169,297
city,36,278,cityfilter.png,169,297
city,29,278,cityfilter.png,169,297
city,22,278,cityfilter.png,169,297
city,16,278,cityfilter.png,169,297
city,11,278,cityfilter.png,169,297
city,92,225,cityfilter.png,169,297
city,89,229,cityfilter.png,169,297
city,89,233,cityfilter.png,169,297
city,89,238,cityfilter.png,169,297
city,89,243,cityfilter.png,169,297
city,89,250,cityfilter.png,169,297
city,89,256,cityfilter.png,169,297
city,89,261,cityfilter.png,169,297
city,88,266,cityfilter.png,169,297
city,89,272,cityfilter.png,169,297
city,89,277,cityfilter.png,169,297
city,93,278,cityfilter.png,169,297
city,99,278,cityfilter.png,169,297
city,102,278,cityfilter.png,169,297
city,107,277,cityfilter.png,169,297
city,111,277,cityfilter.png,169,297
city,114,270,cityfilter.png,169,297
city,113,264,cityfilter.png,169,297
city,113,256,cityfilter.png,169,297
city,114,253,cityfilter.png,169,297
city,114,246,cityfilter.png,169,297
city,114,240,cityfilter.png,169,297
city,92,222,cityfilter.png,169,297
city,95,219,cityfilter.png,169,297
city,99,216,cityfilter.png,169,297
city,104,217,cityfilter.png,169,297
city,107,219,cityfilter.png,169,297
city,111,224,cityfilter.png,169,297
city,115,230,cityfilter.png,169,297
city,115,236,cityfilter.png,169,297
city,116,255,cityfilter.png,169,297
city,119,255,cityfilter.png,169,297
city,122,250,cityfilter.png,169,297
city,122,247,cityfilter.png,169,297
city,128,247,cityfilter.png,169,297
city,133,247,cityfilter.png,169,297
city,135,252,cityfilter.png,169,297
city,136,257,cityfilter.png,169,297
city,136,262,cityfilter.png,169,297
city,136,268,cityfilter.png,169,297
city,140,267,cityfilter.png,169,297
city,143,267,cityfilter.png,169,297
city,144,262,cityfilter.png,169,297
city,144,256,cityfilter.png,169,297
city,144,252,cityfilter.png,169,297
city,143,246,cityfilter.png,169,297
city,148,244,cityfilter.png,169,297
city,151,243,cityfilter.png,169,297
city,152,238,cityfilter.png,169,297
city,152,233,cityfilter.png,169,297
city,152,228,cityfilter.png,169,297
city,152,224,cityfilter.png,169,297
city,155,222,cityfilter.png,169,297
city,161,219,cityfilter.png,169,297
city,165,219,cityfilter.png,169,297
city,165,226,cityfilter.png,169,297
city,165,234,cityfilter.png,169,297
city,164,242,cityfilter.png,169,297
city,164,249,cityfilter.png,169,297
city,164,256,cityfilter.png,169,297
city,165,267,cityfilter.png,169,297
city,165,275,cityfilter.png,169,297
city,165,280,cityfilter.png,169,297
city,159,279,cityfilter.png,169,297
city,153,280,cityfilter.png,169,297
city,147,279,cityfilter.png,169,297
city,143,280,cityfilter.png,169,297
city,134,280,cityfilter.png,169,297
city,128,280,cityfilter.png,169,297
city,122,279,cityfilter.png,169,297
city,117,279,cityfilter.png,169,297
city,114,279,cityfilter.png,169,297
