1,65,117,rainbowmouthfilter.png,179,282
2,73,114,rainbowmouthfilter.png,179,282
3,82,112,rainbowmouthfilter.png,179,282
4,94,112,rainbowmouthfilter.png,179,282
5,107,113,rainbowmouthfilter.png,179,282
6,116,117,rainbowmouthfilter.png,179,282
7,115,125,rainbowmouthfilter.png,179,282
8,115,132,rainbowmouthfilter.png,179,282
9,115,141,rainbowmouthfilter.png,179,282
10,116,148,rainbowmouthfilter.png,179,282
11,114,157,rainbowmouthfilter.png,179,282
12,114,167,rainbowmouthfilter.png,179,282
13,115,177,rainbowmouthfilter.png,179,282
14,116,185,rainbowmouthfilter.png,179,282
15,115,191,rainbowmouthfilter.png,179,282
16,115,201,rainbowmouthfilter.png,179,282
17,114,209,rainbowmouthfilter.png,179,282
18,114,216,rainbowmouthfilter.png,179,282
19,116,225,rainbowmouthfilter.png,179,282
20,115,233,rainbowmouthfilter.png,179,282
21,113,244,rainbowmouthfilter.png,179,282
22,114,253,rainbowmouthfilter.png,179,282
23,115,263,rainbowmouthfilter.png,179,282
24,115,272,rainbowmouthfilter.png,179,282
25,115,280,rainbowmouthfilter.png,179,282
26,111,282,rainbowmouthfilter.png,179,282
27,102,282,rainbowmouthfilter.png,179,282
28,93,281,rainbowmouthfilter.png,179,282
29,84,282,rainbowmouthfilter.png,179,282
30,77,281,rainbowmouthfilter.png,179,282
31,68,282,rainbowmouthfilter.png,179,282
32,63,282,rainbowmouthfilter.png,179,282
33,65,274,rainbowmouthfilter.png,179,282
34,65,267,rainbowmouthfilter.png,179,282
35,65,261,rainbowmouthfilter.png,179,282
36,64,254,rainbowmouthfilter.png,179,282
37,64,246,rainbowmouthfilter.png,179,282
38,65,238,rainbowmouthfilter.png,179,282
39,65,228,rainbowmouthfilter.png,179,282
40,62,223,rainbowmouthfilter.png,179,282
41,59,221,rainbowmouthfilter.png,179,282
42,64,215,rainbowmouthfilter.png,179,282
43,65,203,rainbowmouthfilter.png,179,282
44,65,193,rainbowmouthfilter.png,179,282
45,65,186,rainbowmouthfilter.png,179,282
46,65,179,rainbowmouthfilter.png,179,282
47,64,171,rainbowmouthfilter.png,179,282
48,63,162,rainbowmouthfilter.png,179,282
49,65,153,rainbowmouthfilter.png,179,282
50,65,143,rainbowmouthfilter.png,179,282
51,64,137,rainbowmouthfilter.png,179,282
52,64,132,rainbowmouthfilter.png,179,282
53,64,125,rainbowmouthfilter.png,179,282
54,64,122,rainbowmouthfilter.png,179,282
