ears,30,103,cutebunny_filter.png,251,201
ears,23,101,cutebunny_filter.png,251,201
ears,19,96,cutebunny_filter.png,251,201
ears,14,91,cutebunny_filter.png,251,201
ears,11,85,cutebunny_filter.png,251,201
ears,7,78,cutebunny_filter.png,251,201
ears,6,71,cutebunny_filter.png,251,201
ears,6,67,cutebunny_filter.png,251,201
ears,5,58,cutebunny_filter.png,251,201
ears,4,51,cutebunny_filter.png,251,201
ears,4,47,cutebunny_filter.png,251,201
ears,4,41,cutebunny_filter.png,251,201
ears,5,37,cutebunny_filter.png,251,201
ears,3,34,cutebunny_filter.png,251,201
ears,4,30,cutebunny_filter.png,251,201
ears,6,28,cutebunny_filter.png,251,201
ears,8,25,cutebunny_filter.png,251,201
ears,12,22,cutebunny_filter.png,251,201
ears,18,18,cutebunny_filter.png,251,201
ears,26,15,cutebunny_filter.png,251,201
ears,33,12,cutebunny_filter.png,251,201
ears,38,11,cutebunny_filter.png,251,201
ears,45,8,cutebunny_filter.png,251,201
ears,50,7,cutebunny_filter.png,251,201
ears,56,5,cutebunny_filter.png,251,201
ears,61,4,cutebunny_filter.png,251,201
ears,66,3,cutebunny_filter.png,251,201
ears,70,4,cutebunny_filter.png,251,201
ears,75,4,cutebunny_filter.png,251,201
ears,77,6,cutebunny_filter.png,251,201
ears,81,9,cutebunny_filter.png,251,201
ears,83,13,cutebunny_filter.png,251,201
ears,84,18,cutebunny_filter.png,251,201
ears,81,23,cutebunny_filter.png,251,201
ears,77,29,cutebunny_filter.png,251,201
ears,73,35,cutebunny_filter.png,251,201
ears,68,38,cutebunny_filter.png,251,201
ears,65,47,cutebunny_filter.png,251,201
ears,59,55,cutebunny_filter.png,251,201
ears,56,63,cutebunny_filter.png,251,201
ears,54,73,cutebunny_filter.png,251,201
ears,50,82,cutebunny_filter.png,251,201
ears,47,91,cutebunny_filter.png,251,201
ears,44,97,cutebunny_filter.png,251,201
ears,37,102,cutebunny_filter.png,251,201
ears,165,16,cutebunny_filter.png,251,201
ears,167,11,cutebunny_filter.png,251,201
ears,170,5,cutebunny_filter.png,251,201
ears,176,2,cutebunny_filter.png,251,201
ears,184,2,cutebunny_filter.png,251,201
ears,193,4,cutebunny_filter.png,251,201
ears,200,6,cutebunny_filter.png,251,201
ears,206,7,cutebunny_filter.png,251,201
ears,213,8,cutebunny_filter.png,251,201
ears,217,11,cutebunny_filter.png,251,201
ears,224,13,cutebunny_filter.png,251,201
ears,231,15,cutebunny_filter.png,251,201
ears,240,20,cutebunny_filter.png,251,201
ears,244,23,cutebunny_filter.png,251,201
ears,248,28,cutebunny_filter.png,251,201
ears,248,34,cutebunny_filter.png,251,201
ears,248,41,cutebunny_filter.png,251,201
ears,248,47,cutebunny_filter.png,251,201
ears,247,53,cutebunny_filter.png,251,201
ears,247,59,cutebunny_filter.png,251,201
ears,246,65,cutebunny_filter.png,251,201
ears,245,74,cutebunny_filter.png,251,201
ears,243,81,cutebunny_filter.png,251,201
ears,237,89,cutebunny_filter.png,251,201
ears,233,95,cutebunny_filter.png,251,201
ears,228,100,cutebunny_filter.png,251,201
ears,222,103,cutebunny_filter.png,251,201
ears,218,101,cutebunny_filter.png,251,201
ears,213,99,cutebunny_filter.png,251,201
ears,209,96,cutebunny_filter.png,251,201
ears,205,91,cutebunny_filter.png,251,201
ears,203,86,cutebunny_filter.png,251,201
ears,201,80,cutebunny_filter.png,251,201
ears,199,72,cutebunny_filter.png,251,201
ears,196,67,cutebunny_filter.png,251,201
ears,193,58,cutebunny_filter.png,251,201
ears,190,52,cutebunny_filter.png,251,201
ears,185,44,cutebunny_filter.png,251,201
ears,180,36,cutebunny_filter.png,251,201
ears,174,29,cutebunny_filter.png,251,201
ears,169,23,cutebunny_filter.png,251,201
glasses,226,152,cutebunny_filter.png,251,201
glasses,221,152,cutebunny_filter.png,251,201
glasses,221,149,cutebunny_filter.png,251,201
glasses,220,145,cutebunny_filter.png,251,201
glasses,218,141,cutebunny_filter.png,251,201
glasses,216,136,cutebunny_filter.png,251,201
glasses,213,132,cutebunny_filter.png,251,201
glasses,209,128,cutebunny_filter.png,251,201
glasses,205,125,cutebunny_filter.png,251,201
glasses,201,122,cutebunny_filter.png,251,201
glasses,196,120,cutebunny_filter.png,251,201
glasses,192,117,cutebunny_filter.png,251,201
glasses,185,117,cutebunny_filter.png,251,201
glasses,179,116,cutebunny_filter.png,251,201
glasses,174,117,cutebunny_filter.png,251,201
glasses,167,118,cutebunny_filter.png,251,201
glasses,161,121,cutebunny_filter.png,251,201
glasses,221,156,cutebunny_filter.png,251,201
glasses,159,123,cutebunny_filter.png,251,201
glasses,156,125,cutebunny_filter.png,251,201
glasses,152,127,cutebunny_filter.png,251,201
glasses,149,130,cutebunny_filter.png,251,201
glasses,146,135,cutebunny_filter.png,251,201
glasses,143,140,cutebunny_filter.png,251,201
glasses,141,145,cutebunny_filter.png,251,201
glasses,139,149,cutebunny_filter.png,251,201
glasses,136,149,cutebunny_filter.png,251,201
glasses,133,149,cutebunny_filter.png,251,201
glasses,129,148,cutebunny_filter.png,251,201
glasses,125,148,cutebunny_filter.png,251,201
glasses,121,148,cutebunny_filter.png,251,201
glasses,117,149,cutebunny_filter.png,251,201
glasses,113,149,cutebunny_filter.png,251,201
glasses,111,147,cutebunny_filter.png,251,201
glasses,109,144,cutebunny_filter.png,251,201
glasses,108,140,cutebunny_filter.png,251,201
glasses,105,136,cutebunny_filter.png,251,201
glasses,104,134,cutebunny_filter.png,251,201
glasses,100,129,cutebunny_filter.png,251,201
glasses,96,126,cutebunny_filter.png,251,201
glasses,93,125,cutebunny_filter.png,251,201
glasses,89,123,cutebunny_filter.png,251,201
glasses,86,122,cutebunny_filter.png,251,201
glasses,81,120,cutebunny_filter.png,251,201
glasses,76,119,cutebunny_filter.png,251,201
glasses,70,119,cutebunny_filter.png,251,201
glasses,63,120,cutebunny_filter.png,251,201
glasses,59,121,cutebunny_filter.png,251,201
glasses,54,122,cutebunny_filter.png,251,201
glasses,50,125,cutebunny_filter.png,251,201
glasses,45,128,cutebunny_filter.png,251,201
glasses,43,131,cutebunny_filter.png,251,201
glasses,40,133,cutebunny_filter.png,251,201
glasses,37,138,cutebunny_filter.png,251,201
glasses,35,141,cutebunny_filter.png,251,201
glasses,32,146,cutebunny_filter.png,251,201
glasses,31,152,cutebunny_filter.png,251,201
glasses,30,156,cutebunny_filter.png,251,201
glasses,27,156,cutebunny_filter.png,251,201
glasses,28,158,cutebunny_filter.png,251,201
glasses,31,159,cutebunny_filter.png,251,201
glasses,30,163,cutebunny_filter.png,251,201
glasses,31,167,cutebunny_filter.png,251,201
glasses,32,172,cutebunny_filter.png,251,201
glasses,33,175,cutebunny_filter.png,251,201
glasses,35,179,cutebunny_filter.png,251,201
glasses,38,183,cutebunny_filter.png,251,201
glasses,42,187,cutebunny_filter.png,251,201
glasses,45,191,cutebunny_filter.png,251,201
glasses,50,193,cutebunny_filter.png,251,201
glasses,55,196,cutebunny_filter.png,251,201
glasses,60,199,cutebunny_filter.png,251,201
glasses,67,200,cutebunny_filter.png,251,201
glasses,72,201,cutebunny_filter.png,251,201
glasses,78,201,cutebunny_filter.png,251,201
glasses,82,199,cutebunny_filter.png,251,201
glasses,86,198,cutebunny_filter.png,251,201
glasses,92,195,cutebunny_filter.png,251,201
glasses,97,193,cutebunny_filter.png,251,201
glasses,101,189,cutebunny_filter.png,251,201
glasses,104,185,cutebunny_filter.png,251,201
glasses,107,181,cutebunny_filter.png,251,201
glasses,110,177,cutebunny_filter.png,251,201
glasses,112,175,cutebunny_filter.png,251,201
glasses,115,171,cutebunny_filter.png,251,201
glasses,116,167,cutebunny_filter.png,251,201
glasses,114,165,cutebunny_filter.png,251,201
glasses,114,160,cutebunny_filter.png,251,201
glasses,113,153,cutebunny_filter.png,251,201
glasses,116,152,cutebunny_filter.png,251,201
glasses,121,152,cutebunny_filter.png,251,201
glasses,126,151,cutebunny_filter.png,251,201
glasses,131,151,cutebunny_filter.png,251,201
glasses,137,152,cutebunny_filter.png,251,201
glasses,139,155,cutebunny_filter.png,251,201
glasses,139,158,cutebunny_filter.png,251,201
glasses,139,162,cutebunny_filter.png,251,201
glasses,136,166,cutebunny_filter.png,251,201
glasses,136,170,cutebunny_filter.png,251,201
glasses,139,175,cutebunny_filter.png,251,201
glasses,143,177,cutebunny_filter.png,251,201
glasses,145,179,cutebunny_filter.png,251,201
glasses,149,184,cutebunny_filter.png,251,201
glasses,152,187,cutebunny_filter.png,251,201
glasses,156,191,cutebunny_filter.png,251,201
glasses,160,193,cutebunny_filter.png,251,201
glasses,166,196,cutebunny_filter.png,251,201
glasses,172,198,cutebunny_filter.png,251,201
glasses,178,199,cutebunny_filter.png,251,201
glasses,184,199,cutebunny_filter.png,251,201
glasses,191,197,cutebunny_filter.png,251,201
glasses,196,196,cutebunny_filter.png,251,201
glasses,202,194,cutebunny_filter.png,251,201
glasses,205,191,cutebunny_filter.png,251,201
glasses,209,187,cutebunny_filter.png,251,201
glasses,213,182,cutebunny_filter.png,251,201
glasses,217,178,cutebunny_filter.png,251,201
glasses,218,174,cutebunny_filter.png,251,201
glasses,220,168,cutebunny_filter.png,251,201
glasses,222,163,cutebunny_filter.png,251,201
glasses,222,160,cutebunny_filter.png,251,201
