1,63,62,heartfilter.png,377,134
1,64,58,heartfilter.png,377,134
1,68,55,heartfilter.png,377,134
1,73,54,heartfilter.png,377,134
1,77,57,heartfilter.png,377,134
1,78,64,heartfilter.png,377,134
1,78,70,heartfilter.png,377,134
1,75,76,heartfilter.png,377,134
1,74,82,heartfilter.png,377,134
1,70,81,heartfilter.png,377,134
1,65,80,heartfilter.png,377,134
1,59,79,heartfilter.png,377,134
1,54,76,heartfilter.png,377,134
1,52,71,heartfilter.png,377,134
1,52,65,heartfilter.png,377,134
1,57,62,heartfilter.png,377,134
2,94,87,heartfilter.png,377,134
2,96,83,heartfilter.png,377,134
2,98,80,heartfilter.png,377,134
2,101,78,heartfilter.png,377,134
2,106,79,heartfilter.png,377,134
2,110,81,heartfilter.png,377,134
2,114,85,heartfilter.png,377,134
2,114,90,heartfilter.png,377,134
2,113,97,heartfilter.png,377,134
2,111,100,heartfilter.png,377,134
2,108,104,heartfilter.png,377,134
2,104,108,heartfilter.png,377,134
2,101,114,heartfilter.png,377,134
2,98,115,heartfilter.png,377,134
2,94,111,heartfilter.png,377,134
2,90,109,heartfilter.png,377,134
2,84,106,heartfilter.png,377,134
2,79,101,heartfilter.png,377,134
2,76,96,heartfilter.png,377,134
2,76,89,heartfilter.png,377,134
2,79,85,heartfilter.png,377,134
2,84,82,heartfilter.png,377,134
3,90,84,heartfilter.png,377,134
2,95,79,heartfilter.png,377,134
3,92,78,heartfilter.png,377,134
3,88,74,heartfilter.png,377,134
3,85,69,heartfilter.png,377,134
3,84,61,heartfilter.png,377,134
3,86,57,heartfilter.png,377,134
3,92,52,heartfilter.png,377,134
3,96,52,heartfilter.png,377,134
3,102,54,heartfilter.png,377,134
3,106,55,heartfilter.png,377,134
3,108,50,heartfilter.png,377,134
3,111,46,heartfilter.png,377,134
3,115,43,heartfilter.png,377,134
3,120,43,heartfilter.png,377,134
3,125,45,heartfilter.png,377,134
3,130,50,heartfilter.png,377,134
3,132,57,heartfilter.png,377,134
3,131,66,heartfilter.png,377,134
3,128,71,heartfilter.png,377,134
3,125,77,heartfilter.png,377,134
3,121,84,heartfilter.png,377,134
3,119,88,heartfilter.png,377,134
3,116,89,heartfilter.png,377,134
4,167,28,heartfilter.png,377,134
4,169,23,heartfilter.png,377,134
4,172,20,heartfilter.png,377,134
4,176,19,heartfilter.png,377,134
4,182,20,heartfilter.png,377,134
4,186,23,heartfilter.png,377,134
4,188,29,heartfilter.png,377,134
4,187,35,heartfilter.png,377,134
4,185,41,heartfilter.png,377,134
4,181,46,heartfilter.png,377,134
4,178,49,heartfilter.png,377,134
4,175,53,heartfilter.png,377,134
4,171,58,heartfilter.png,377,134
4,167,56,heartfilter.png,377,134
4,163,52,heartfilter.png,377,134
4,159,50,heartfilter.png,377,134
4,154,46,heartfilter.png,377,134
4,149,42,heartfilter.png,377,134
4,147,36,heartfilter.png,377,134
4,147,31,heartfilter.png,377,134
4,149,24,heartfilter.png,377,134
4,155,21,heartfilter.png,377,134
4,163,24,heartfilter.png,377,134
5,181,52,heartfilter.png,377,134
5,184,48,heartfilter.png,377,134
5,190,45,heartfilter.png,377,134
5,193,43,heartfilter.png,377,134
5,199,45,heartfilter.png,377,134
5,204,51,heartfilter.png,377,134
5,205,60,heartfilter.png,377,134
5,202,69,heartfilter.png,377,134
5,196,75,heartfilter.png,377,134
5,192,79,heartfilter.png,377,134
5,187,84,heartfilter.png,377,134
5,184,87,heartfilter.png,377,134
5,182,89,heartfilter.png,377,134
5,178,86,heartfilter.png,377,134
5,174,82,heartfilter.png,377,134
5,169,79,heartfilter.png,377,134
5,164,75,heartfilter.png,377,134
5,160,70,heartfilter.png,377,134
5,157,66,heartfilter.png,377,134
5,157,61,heartfilter.png,377,134
5,156,55,heartfilter.png,377,134
5,162,47,heartfilter.png,377,134
5,168,45,heartfilter.png,377,134
5,174,47,heartfilter.png,377,134
6,211,32,heartfilter.png,377,134
6,214,29,heartfilter.png,377,134
6,219,26,heartfilter.png,377,134
6,224,27,heartfilter.png,377,134
6,229,29,heartfilter.png,377,134
6,232,34,heartfilter.png,377,134
6,233,41,heartfilter.png,377,134
6,230,48,heartfilter.png,377,134
6,226,51,heartfilter.png,377,134
6,222,55,heartfilter.png,377,134
6,219,59,heartfilter.png,377,134
6,215,62,heartfilter.png,377,134
6,209,66,heartfilter.png,377,134
6,205,63,heartfilter.png,377,134
6,201,58,heartfilter.png,377,134
6,197,54,heartfilter.png,377,134
6,193,49,heartfilter.png,377,134
6,186,45,heartfilter.png,377,134
6,188,42,heartfilter.png,377,134
6,188,39,heartfilter.png,377,134
6,189,32,heartfilter.png,377,134
6,193,27,heartfilter.png,377,134
6,198,25,heartfilter.png,377,134
6,204,26,heartfilter.png,377,134
6,207,30,heartfilter.png,377,134
7,225,66,heartfilter.png,377,134
7,228,64,heartfilter.png,377,134
7,232,66,heartfilter.png,377,134
7,232,71,heartfilter.png,377,134
7,230,74,heartfilter.png,377,134
7,226,77,heartfilter.png,377,134
7,223,78,heartfilter.png,377,134
7,220,76,heartfilter.png,377,134
7,218,74,heartfilter.png,377,134
7,216,71,heartfilter.png,377,134
7,215,68,heartfilter.png,377,134
7,217,65,heartfilter.png,377,134
7,220,63,heartfilter.png,377,134
7,223,65,heartfilter.png,377,134
7,232,69,heartfilter.png,377,134
7,228,76,heartfilter.png,377,134
8,250,46,heartfilter.png,377,134
8,253,44,heartfilter.png,377,134
8,258,44,heartfilter.png,377,134
8,263,46,heartfilter.png,377,134
8,265,50,heartfilter.png,377,134
8,269,46,heartfilter.png,377,134
8,274,45,heartfilter.png,377,134
8,279,47,heartfilter.png,377,134
8,283,52,heartfilter.png,377,134
8,282,58,heartfilter.png,377,134
8,280,63,heartfilter.png,377,134
8,277,65,heartfilter.png,377,134
8,274,69,heartfilter.png,377,134
8,269,72,heartfilter.png,377,134
8,265,75,heartfilter.png,377,134
8,263,77,heartfilter.png,377,134
8,260,74,heartfilter.png,377,134
8,258,71,heartfilter.png,377,134
8,255,68,heartfilter.png,377,134
8,252,64,heartfilter.png,377,134
8,250,61,heartfilter.png,377,134
8,248,58,heartfilter.png,377,134
8,247,53,heartfilter.png,377,134
8,248,49,heartfilter.png,377,134
9,306,48,heartfilter.png,377,134
9,308,47,heartfilter.png,377,134
9,312,46,heartfilter.png,377,134
9,315,47,heartfilter.png,377,134
9,317,50,heartfilter.png,377,134
9,317,55,heartfilter.png,377,134
9,314,61,heartfilter.png,377,134
9,308,63,heartfilter.png,377,134
9,304,64,heartfilter.png,377,134
9,301,66,heartfilter.png,377,134
9,299,67,heartfilter.png,377,134
9,297,64,heartfilter.png,377,134
9,296,60,heartfilter.png,377,134
9,294,57,heartfilter.png,377,134
9,292,54,heartfilter.png,377,134
9,292,51,heartfilter.png,377,134
9,293,46,heartfilter.png,377,134
9,294,43,heartfilter.png,377,134
9,298,42,heartfilter.png,377,134
9,303,44,heartfilter.png,377,134
10,317,72,heartfilter.png,377,134
10,320,70,heartfilter.png,377,134
10,324,71,heartfilter.png,377,134
10,326,75,heartfilter.png,377,134
10,323,80,heartfilter.png,377,134
10,320,82,heartfilter.png,377,134
10,317,84,heartfilter.png,377,134
10,313,82,heartfilter.png,377,134
10,311,79,heartfilter.png,377,134
10,309,75,heartfilter.png,377,134
10,310,72,heartfilter.png,377,134
10,314,70,heartfilter.png,377,134
11,285,74,heartfilter.png,377,134
11,288,71,heartfilter.png,377,134
11,292,69,heartfilter.png,377,134
11,297,69,heartfilter.png,377,134
11,301,71,heartfilter.png,377,134
11,304,73,heartfilter.png,377,134
11,305,77,heartfilter.png,377,134
11,307,81,heartfilter.png,377,134
11,306,86,heartfilter.png,377,134
11,304,92,heartfilter.png,377,134
11,300,96,heartfilter.png,377,134
11,296,99,heartfilter.png,377,134
11,291,101,heartfilter.png,377,134
11,286,103,heartfilter.png,377,134
11,281,106,heartfilter.png,377,134
11,277,109,heartfilter.png,377,134
11,274,110,heartfilter.png,377,134
11,272,107,heartfilter.png,377,134
11,270,103,heartfilter.png,377,134
11,267,98,heartfilter.png,377,134
11,265,95,heartfilter.png,377,134
11,262,90,heartfilter.png,377,134
11,260,87,heartfilter.png,377,134
11,259,83,heartfilter.png,377,134
11,258,80,heartfilter.png,377,134
11,258,76,heartfilter.png,377,134
11,260,71,heartfilter.png,377,134
11,262,68,heartfilter.png,377,134
11,265,65,heartfilter.png,377,134
11,269,64,heartfilter.png,377,134
11,275,64,heartfilter.png,377,134
11,279,65,heartfilter.png,377,134
11,281,69,heartfilter.png,377,134
11,283,71,heartfilter.png,377,134
